{"polyfill":["/polyfill-0005aacb32afa3bc4f9f.js"],"app":["/app-b7e8ea099769283656b2.js"],"component---cache-caches-gatsby-plugin-offline-app-shell-js":["/component---cache-caches-gatsby-plugin-offline-app-shell-js-24649253816c017d9bf7.js"],"component---src-components-templates-post-post-details-js":["/component---src-components-templates-post-post-details-js-c8f39d75b23bc799fd19.js"],"component---src-components-templates-watch-watch-details-js":["/component---src-components-templates-watch-watch-details-js-cf317ee0686174c68023.js"],"component---src-pages-404-js":["/component---src-pages-404-js-66fb270e1f8a05131b18.js"],"component---src-pages-blog-js":["/component---src-pages-blog-js-8069d6dd9d7587858e08.js"],"component---src-pages-index-js":["/component---src-pages-index-js-ca0520dc0f0af113e7f8.js"],"component---src-pages-test-js":["/component---src-pages-test-js-d87b1941ec2c38e6b191.js"],"component---src-pages-watch-js":["/component---src-pages-watch-js-17432d77f71779f37c05.js"]}