{"errors":[],"warnings":[],"namedChunkGroups":{"polyfill":{"chunks":[7,19],"assets":["webpack-runtime-e01cbb414db333f9b48c.js","webpack-runtime-e01cbb414db333f9b48c.js.map","polyfill-0005aacb32afa3bc4f9f.js","polyfill-0005aacb32afa3bc4f9f.js.map"],"children":{},"childAssets":{}},"app":{"chunks":[7,1,18,8,9],"assets":["webpack-runtime-e01cbb414db333f9b48c.js","webpack-runtime-e01cbb414db333f9b48c.js.map","styles.fc8d56893b7a60dea477.css","styles-c2fe8482057191dca484.js","styles-c2fe8482057191dca484.js.map","framework-5e713f507919262c2771.js","framework-5e713f507919262c2771.js.map","a9a7754c-d278f889de2a493fa98d.js","a9a7754c-d278f889de2a493fa98d.js.map","app-b7e8ea099769283656b2.js","app-b7e8ea099769283656b2.js.map"],"children":{},"childAssets":{}},"component---cache-caches-gatsby-plugin-offline-app-shell-js":{"chunks":[10],"assets":["component---cache-caches-gatsby-plugin-offline-app-shell-js-24649253816c017d9bf7.js","component---cache-caches-gatsby-plugin-offline-app-shell-js-24649253816c017d9bf7.js.map"],"children":{},"childAssets":{}},"component---src-components-templates-post-post-details-js":{"chunks":[11],"assets":["component---src-components-templates-post-post-details-js-c8f39d75b23bc799fd19.js","component---src-components-templates-post-post-details-js-c8f39d75b23bc799fd19.js.map"],"children":{},"childAssets":{}},"component---src-components-templates-watch-watch-details-js":{"chunks":[1,6,0,3,5,12],"assets":["styles.fc8d56893b7a60dea477.css","styles-c2fe8482057191dca484.js","styles-c2fe8482057191dca484.js.map","d6e1aeb5-f415bba5a96610e1dbf8.js","d6e1aeb5-f415bba5a96610e1dbf8.js.map","99e5063f67d4adb3cf7a63c2789d4a1047bc05ce-620a72f8892a2af9a7d5.js","99e5063f67d4adb3cf7a63c2789d4a1047bc05ce-620a72f8892a2af9a7d5.js.map","3c2c9e0e5c30dd916aa63316790942becfab154a-e8fef6bf444d9db121e5.js","3c2c9e0e5c30dd916aa63316790942becfab154a-e8fef6bf444d9db121e5.js.map","9df001d7c3f572fb168a9ebdfc07277d81be798e-f68bd88ff1a7b97b431b.js","9df001d7c3f572fb168a9ebdfc07277d81be798e-f68bd88ff1a7b97b431b.js.map","component---src-components-templates-watch-watch-details-js-cf317ee0686174c68023.js","component---src-components-templates-watch-watch-details-js-cf317ee0686174c68023.js.map"],"children":{},"childAssets":{}},"component---src-pages-404-js":{"chunks":[1,0,13],"assets":["styles.fc8d56893b7a60dea477.css","styles-c2fe8482057191dca484.js","styles-c2fe8482057191dca484.js.map","99e5063f67d4adb3cf7a63c2789d4a1047bc05ce-620a72f8892a2af9a7d5.js","99e5063f67d4adb3cf7a63c2789d4a1047bc05ce-620a72f8892a2af9a7d5.js.map","component---src-pages-404-js-66fb270e1f8a05131b18.js","component---src-pages-404-js-66fb270e1f8a05131b18.js.map"],"children":{},"childAssets":{}},"component---src-pages-blog-js":{"chunks":[0,2,14],"assets":["99e5063f67d4adb3cf7a63c2789d4a1047bc05ce-620a72f8892a2af9a7d5.js","99e5063f67d4adb3cf7a63c2789d4a1047bc05ce-620a72f8892a2af9a7d5.js.map","c2c14013669e8646f6832ba04bc0ea54696bc6d4-103e16ac13683c346926.js","c2c14013669e8646f6832ba04bc0ea54696bc6d4-103e16ac13683c346926.js.map","component---src-pages-blog-js-8069d6dd9d7587858e08.js","component---src-pages-blog-js-8069d6dd9d7587858e08.js.map"],"children":{},"childAssets":{}},"component---src-pages-index-js":{"chunks":[1,6,0,2,3,4,15],"assets":["styles.fc8d56893b7a60dea477.css","styles-c2fe8482057191dca484.js","styles-c2fe8482057191dca484.js.map","d6e1aeb5-f415bba5a96610e1dbf8.js","d6e1aeb5-f415bba5a96610e1dbf8.js.map","99e5063f67d4adb3cf7a63c2789d4a1047bc05ce-620a72f8892a2af9a7d5.js","99e5063f67d4adb3cf7a63c2789d4a1047bc05ce-620a72f8892a2af9a7d5.js.map","c2c14013669e8646f6832ba04bc0ea54696bc6d4-103e16ac13683c346926.js","c2c14013669e8646f6832ba04bc0ea54696bc6d4-103e16ac13683c346926.js.map","3c2c9e0e5c30dd916aa63316790942becfab154a-e8fef6bf444d9db121e5.js","3c2c9e0e5c30dd916aa63316790942becfab154a-e8fef6bf444d9db121e5.js.map","75f78a143e96e5d3c500b3b7d295ce4898d0a7fc-0ccc0c0cd1c1fc0a3838.js","75f78a143e96e5d3c500b3b7d295ce4898d0a7fc-0ccc0c0cd1c1fc0a3838.js.map","component---src-pages-index-js-ca0520dc0f0af113e7f8.js","component---src-pages-index-js-ca0520dc0f0af113e7f8.js.map"],"children":{},"childAssets":{}},"component---src-pages-test-js":{"chunks":[0,2,16],"assets":["99e5063f67d4adb3cf7a63c2789d4a1047bc05ce-620a72f8892a2af9a7d5.js","99e5063f67d4adb3cf7a63c2789d4a1047bc05ce-620a72f8892a2af9a7d5.js.map","c2c14013669e8646f6832ba04bc0ea54696bc6d4-103e16ac13683c346926.js","c2c14013669e8646f6832ba04bc0ea54696bc6d4-103e16ac13683c346926.js.map","component---src-pages-test-js-d87b1941ec2c38e6b191.js","component---src-pages-test-js-d87b1941ec2c38e6b191.js.map"],"children":{},"childAssets":{}},"component---src-pages-watch-js":{"chunks":[1,0,2,4,5,17],"assets":["styles.fc8d56893b7a60dea477.css","styles-c2fe8482057191dca484.js","styles-c2fe8482057191dca484.js.map","99e5063f67d4adb3cf7a63c2789d4a1047bc05ce-620a72f8892a2af9a7d5.js","99e5063f67d4adb3cf7a63c2789d4a1047bc05ce-620a72f8892a2af9a7d5.js.map","c2c14013669e8646f6832ba04bc0ea54696bc6d4-103e16ac13683c346926.js","c2c14013669e8646f6832ba04bc0ea54696bc6d4-103e16ac13683c346926.js.map","75f78a143e96e5d3c500b3b7d295ce4898d0a7fc-0ccc0c0cd1c1fc0a3838.js","75f78a143e96e5d3c500b3b7d295ce4898d0a7fc-0ccc0c0cd1c1fc0a3838.js.map","9df001d7c3f572fb168a9ebdfc07277d81be798e-f68bd88ff1a7b97b431b.js","9df001d7c3f572fb168a9ebdfc07277d81be798e-f68bd88ff1a7b97b431b.js.map","component---src-pages-watch-js-17432d77f71779f37c05.js","component---src-pages-watch-js-17432d77f71779f37c05.js.map"],"children":{},"childAssets":{}}},"assetsByChunkName":{"polyfill":["webpack-runtime-e01cbb414db333f9b48c.js","polyfill-0005aacb32afa3bc4f9f.js"],"app":["webpack-runtime-e01cbb414db333f9b48c.js","styles.fc8d56893b7a60dea477.css","styles-c2fe8482057191dca484.js","framework-5e713f507919262c2771.js","a9a7754c-d278f889de2a493fa98d.js","app-b7e8ea099769283656b2.js"],"component---cache-caches-gatsby-plugin-offline-app-shell-js":["component---cache-caches-gatsby-plugin-offline-app-shell-js-24649253816c017d9bf7.js"],"component---src-components-templates-post-post-details-js":["component---src-components-templates-post-post-details-js-c8f39d75b23bc799fd19.js"],"component---src-components-templates-watch-watch-details-js":["styles.fc8d56893b7a60dea477.css","styles-c2fe8482057191dca484.js","d6e1aeb5-f415bba5a96610e1dbf8.js","99e5063f67d4adb3cf7a63c2789d4a1047bc05ce-620a72f8892a2af9a7d5.js","3c2c9e0e5c30dd916aa63316790942becfab154a-e8fef6bf444d9db121e5.js","9df001d7c3f572fb168a9ebdfc07277d81be798e-f68bd88ff1a7b97b431b.js","component---src-components-templates-watch-watch-details-js-cf317ee0686174c68023.js"],"component---src-pages-404-js":["styles.fc8d56893b7a60dea477.css","styles-c2fe8482057191dca484.js","99e5063f67d4adb3cf7a63c2789d4a1047bc05ce-620a72f8892a2af9a7d5.js","component---src-pages-404-js-66fb270e1f8a05131b18.js"],"component---src-pages-blog-js":["99e5063f67d4adb3cf7a63c2789d4a1047bc05ce-620a72f8892a2af9a7d5.js","c2c14013669e8646f6832ba04bc0ea54696bc6d4-103e16ac13683c346926.js","component---src-pages-blog-js-8069d6dd9d7587858e08.js"],"component---src-pages-index-js":["styles.fc8d56893b7a60dea477.css","styles-c2fe8482057191dca484.js","d6e1aeb5-f415bba5a96610e1dbf8.js","99e5063f67d4adb3cf7a63c2789d4a1047bc05ce-620a72f8892a2af9a7d5.js","c2c14013669e8646f6832ba04bc0ea54696bc6d4-103e16ac13683c346926.js","3c2c9e0e5c30dd916aa63316790942becfab154a-e8fef6bf444d9db121e5.js","75f78a143e96e5d3c500b3b7d295ce4898d0a7fc-0ccc0c0cd1c1fc0a3838.js","component---src-pages-index-js-ca0520dc0f0af113e7f8.js"],"component---src-pages-test-js":["99e5063f67d4adb3cf7a63c2789d4a1047bc05ce-620a72f8892a2af9a7d5.js","c2c14013669e8646f6832ba04bc0ea54696bc6d4-103e16ac13683c346926.js","component---src-pages-test-js-d87b1941ec2c38e6b191.js"],"component---src-pages-watch-js":["styles.fc8d56893b7a60dea477.css","styles-c2fe8482057191dca484.js","99e5063f67d4adb3cf7a63c2789d4a1047bc05ce-620a72f8892a2af9a7d5.js","c2c14013669e8646f6832ba04bc0ea54696bc6d4-103e16ac13683c346926.js","75f78a143e96e5d3c500b3b7d295ce4898d0a7fc-0ccc0c0cd1c1fc0a3838.js","9df001d7c3f572fb168a9ebdfc07277d81be798e-f68bd88ff1a7b97b431b.js","component---src-pages-watch-js-17432d77f71779f37c05.js"]}}